id,job,company,birthdate
67358,English as a second language teacher,Miller-Anderson,16/4/1957
67359,Commercial/residential surveyor,Mitchell Group,2/10/1965
67360,"Therapist, speech and language",Fowler LLC,8/2/1943
67361,Chartered certified accountant,Jones LLC,4/12/2009
67362,Hydrogeologist,Walls Ltd,26/5/1906
67363,Estate manager/land agent,"Holmes, Ortiz and Mcneil",21/7/1948
67364,Automotive engineer,"Sutton, Farmer and Lucero",4/8/1961
67365,Meteorologist,"Perez, Garcia and Barber",25/3/1906
67366,Television camera operator,Horton-Oconnell,30/4/1923
67367,Sports development officer,Valenzuela Inc,11/2/1908
67368,Marine scientist,Jackson Ltd,1/10/1933
67369,Software engineer,Garner-Reed,19/5/1969
67370,"Surveyor, insurance",May PLC,26/7/1985
67371,Early years teacher,Mills and Sons,9/12/1992
67372,Games developer,"Matthews, Duncan and Ali",4/4/1961
67373,Legal executive,"Brown, Bishop and Clark",4/6/1909
67374,Air broker,Paul Group,26/5/1921
67375,Clinical embryologist,Reed-Drake,6/7/1931
67376,Magazine features editor,"Sutton, Johnston and Miller",28/6/1991
67377,Counsellor,"Simmons, Green and Luna",7/3/1924
67378,"Librarian, academic",Wright Group,3/12/1993
67379,Special educational needs teacher,Buck Group,16/4/2009
67380,Gaffer,"Anderson, Brown and Roy",5/8/1930
67381,Paramedic,"Gross, Alvarez and Gonzalez",9/7/1938
67382,Plant breeder/geneticist,Russell-Brown,28/10/1988
67383,Web designer,Watson Ltd,13/6/1967
67384,"Scientist, clinical (histocompatibility and immunogenetics)",Vasquez LLC,6/8/1983
67385,"Designer, fashion/clothing",Miller and Sons,20/5/1975
67386,Medical technical officer,"Nelson, Wang and Jenkins",24/8/2004
67387,"Editor, magazine features","Ortiz, Reyes and Perez",15/12/1921
67388,Cytogeneticist,"Baker, Robinson and Terrell",2/5/1983
67389,Barista,Duran Inc,1/12/1934
67390,Tax inspector,Duke-Haynes,7/2/1999
67391,IT consultant,Meza Ltd,22/2/1906
67392,Education administrator,Potter Group,29/3/2007
67393,Geochemist,Tate-Mills,1/2/1955
67394,Chartered management accountant,"Blair, Barrett and Gutierrez",19/12/2005
67395,"Designer, graphic",Hernandez-Wyatt,22/11/1942
67396,Health promotion specialist,"Hoffman, Lara and Nelson",13/8/1907
67397,Agricultural consultant,Smith-Glover,20/4/1914
67398,Health visitor,"Porter, Bright and Mcguire",17/12/2003
67399,Database administrator,"Willis, Gonzalez and Hernandez",13/11/2004
67400,Neurosurgeon,Campbell-Hall,30/1/1937
67401,Chartered legal executive (England and Wales),Silva-Hamilton,14/4/1937
67402,Tax adviser,Hernandez-White,30/1/1905
67403,Physiotherapist,Solis-Lopez,20/4/1949
67404,Hydrologist,Saunders Group,23/10/1986
67405,"Development worker, international aid","Martinez, Lewis and Hernandez",7/3/1956
67406,Garment/textile technologist,Wiggins-Owens,13/11/1981
67407,"Designer, jewellery","Parker, Smith and Wright",30/5/1967
67408,Games developer,"Owen, Bradley and Smith",21/5/1944
67409,Special educational needs teacher,Cochran-Bradshaw,17/7/2006
67410,Garment/textile technologist,Scott Inc,20/2/1941
67411,Herpetologist,Russo Group,2/12/1924
67412,"Scientist, clinical (histocompatibility and immunogenetics)",Johnson-Green,23/4/2016
67413,Amenity horticulturist,Campos-Leon,10/7/1952
67414,Water quality scientist,"Bell, Walker and Johnson",28/4/1998
67415,"Development worker, international aid",Watson PLC,20/11/1958
67416,Mechanical engineer,"Gibson, Nunez and Wilson",18/2/1962
67417,Ergonomist,Newman LLC,29/8/1969
67418,"Investment banker, operational","Ramsey, Hart and Jones",29/3/1942
67419,Phytotherapist,Ayers Inc,26/3/1994
67420,Hotel manager,Jones Inc,31/8/1920
67421,Clinical research associate,Brown and Sons,10/2/1957
67422,Field trials officer,"Shepard, Simpson and Peterson",11/8/2018
67423,Broadcast journalist,Woods-Murillo,3/12/1912
67424,Accommodation manager,"Gonzalez, Franklin and Taylor",5/10/1923
67425,"Therapist, music",Watson-Osborne,12/8/2012
67426,Chartered accountant,"Watson, Mendoza and Glass",12/2/1952
67427,Telecommunications researcher,Curtis-Thomas,6/8/2020
67428,Company secretary,"Murray, Becker and Noble",6/11/1955
67429,Social worker,"Johnson, Jacobson and Hammond",6/11/1955
67430,Set designer,"White, Barnes and Smith",26/9/2019
67431,Production engineer,Martin Group,5/10/1991
67432,Trade union research officer,"Cook, Blackburn and Norris",16/12/1931
67433,Optometrist,Smith PLC,29/10/1984
67434,Health promotion specialist,"Jenkins, Wise and Browning",8/8/1914
67435,Manufacturing systems engineer,Price-Chen,25/2/2013
67436,Sports therapist,Wu Inc,1/10/1933
67437,,Reyes-Sullivan,20/6/1974
67438,"Runner, broadcasting/film/video","Lee, Ross and Peterson",20/6/1968
67439,Pharmacologist,"Rice, Riggs and Wright",25/7/1984
67440,Dentist,Martin LLC,
67441,Youth worker,"Allen, Sanchez and Wright",7/12/2000
67442,"Pilot, airline",Clark PLC,23/4/1948
67443,"Therapist, drama",Lopez-Arnold,1/6/1965
67444,"Administrator, sports",Ramos-Martin,19/10/1928
67445,Immunologist,"Adams, Marks and Stevens",28/8/1931
67446,Press photographer,Harper-Burch,2/2/1997
67447,Quantity surveyor,"Bradford, Bennett and Hicks",22/5/1927
67448,Sports therapist,Cruz PLC,15/2/1995
67449,"Nurse, children's",Patel Ltd,7/10/1921
67450,Energy engineer,"Rhodes, Barrett and Young",1/8/2009
67451,Counselling psychologist,,17/2/1933
67452,Careers information officer,"Brown, Jones and Hogan",6/9/1905
67453,Publishing copy,"White, Rice and Jones",2/10/1932
67454,Occupational psychologist,"Johnson, Hooper and Wagner",14/3/1983
67455,Fish farm manager,Miller Ltd,24/4/2010
67456,Equality and diversity officer,"Brown, Garcia and Moore",15/12/1964
67457,Arts administrator,Johnson and Sons,11/2/1970
67458,"Nurse, children's",Hill-Johnson,22/11/2019
67459,Financial risk analyst,Wells Group,21/2/1949
67460,Community education officer,Navarro-Garcia,9/12/1918
67461,Multimedia programmer,"Powell, Fletcher and Cook",30/11/1953
67462,"Lecturer, higher education",Martin-Smith,9/7/1990
67463,Geoscientist,Rivera-Hunter,31/12/1906
67464,Theatre stage manager,"Mccarty, Walker and Gilbert",26/3/2005
67465,"Therapist, sports","Stokes, Evans and Wilson",22/6/2003
67466,"Surveyor, building","Hall, Mitchell and Hernandez",4/6/1971
67467,Art therapist,Powell-Roberson,1/3/2005
67468,Financial trader,Hurst-Herrera,13/10/1913
67469,Energy manager,Nicholson-Jones,23/8/1977
67470,Commissioning editor,"Mullen, Ford and Caldwell",1/11/1922
67471,Local government officer,Roberson LLC,18/9/1956
67472,"Therapist, horticultural","Davis, Stanley and Costa",29/5/1969
67473,Information officer,Woodard LLC,3/8/1924
67474,"Research officer, government",Wells-White,22/9/1922
67475,Geoscientist,Williams-Miller,24/5/1977
67476,"Clinical scientist, histocompatibility and immunogenetics","Moody, Smith and White",18/7/1963
67477,Soil scientist,"Barker, Sanchez and Brown",8/11/2012
67478,"Conservation officer, historic buildings",Wilson PLC,31/8/1939
67479,Maintenance engineer,Holden and Sons,2/12/1997
67480,Telecommunications researcher,Delgado-Myers,18/9/2005
67481,Hydrologist,"Sanchez, Williams and Sutton",6/6/2011
67482,"Pharmacist, hospital",Morris-Cooper,25/9/1997
67483,Marine scientist,"Collins, Hernandez and Johnson",4/5/1968
67484,IT consultant,Hansen-Garrett,29/5/2009
67485,Financial adviser,Thomas Inc,21/9/1914
67486,Agricultural engineer,"Jennings, Rogers and Evans",18/5/1962
67487,Chief Operating Officer,Keller PLC,14/3/1969
67488,Minerals surveyor,Williams-Edwards,15/9/1970
67489,"Teacher, primary school",Lynch-Carter,8/12/1983
67490,Homeopath,Thompson-Bowers,15/12/2012
67491,Claims inspector/assessor,Lopez Group,12/6/2016
67492,Magazine features editor,"Boyer, Nolan and Webb",5/5/1992
67493,"Secretary, company","Smith, Hamilton and Martin",31/3/2006
67494,Armed forces logistics/support/administrative officer,"Flowers, Moore and Berry",30/8/1943
67495,"Surveyor, building control",Frank-Hansen,17/5/1967
67496,"Education officer, environmental",Sanchez PLC,9/5/2003
67497,"Teacher, special educational needs","Johnson, Estes and Hunter",11/3/1932
67498,"Teacher, primary school",Brown Ltd,3/12/1931
67499,"Restaurant manager, fast food",Rollins-Sherman,28/12/1989
67500,Neurosurgeon,Park-Boyer,25/4/2008
67501,Government social research officer,"Walsh, Jones and Obrien",6/12/1977
67502,"Programmer, applications","Gilbert, Davis and Torres",19/9/1964
67503,Human resources officer,Moss LLC,19/3/1929
67504,"Research officer, trade union","Allen, Short and Webb",2/11/1985
67505,"Scientist, marine",Lambert PLC,16/4/2017
67506,Neurosurgeon,"Sanchez, Rice and Stevenson",11/3/1978
67507,Company secretary,Rivas-Ross,14/10/2006
67508,Energy engineer,Sanchez PLC,15/12/1910
67509,Commercial horticulturist,Williams Ltd,3/9/1923
67510,Materials engineer,"Wright, Townsend and Turner",4/9/2019
67511,"Secretary, company","Miller, Lewis and Short",13/2/1990
67512,Pensions consultant,"Taylor, Robertson and Bauer",27/6/1976
67513,Estate manager/land agent,Callahan and Sons,5/12/1965
67514,Chief Executive Officer,Reyes-Sullivan,11/2/1989
67515,"Production assistant, television",Petersen Ltd,8/5/1915
67516,Occupational psychologist,Miller-Richardson,30/4/1909
67517,Airline pilot,Brooks-Thomas,10/5/1915
67518,Advertising account planner,Jackson PLC,14/7/1948
67519,Geochemist,Reese-Sanchez,23/7/1949
67520,Comptroller,"Floyd, Baker and Turner",9/4/1909
67521,Training and development officer,Blair-Barnes,20/9/1922
67522,"Teacher, English as a foreign language",Fry-Cole,7/3/1991
67523,"Psychotherapist, dance movement","Guerra, Lewis and Harrison",8/12/1957
67524,Fisheries officer,Lee Ltd,8/10/1921
67525,Neurosurgeon,"Walker, Morales and Williams",24/10/1934
67526,Air cabin crew,Pitts Ltd,30/12/1928
67527,Maintenance engineer,"Garrison, Alvarado and Bauer",17/12/1955
67528,"Copywriter, advertising",Davis Group,1/6/1965
67529,Clothing/textile technologist,Levine-Davis,21/6/1961
67530,Systems developer,Nolan and Sons,8/10/1920
67531,Theatre director,Rodriguez LLC,4/11/1975
67532,Environmental health practitioner,Hodges PLC,18/5/1992
67533,Mudlogger,Alvarado Group,16/2/1979
67534,Ophthalmologist,Gomez Inc,20/10/1988
67535,Public librarian,"Graves, Ramirez and Carter",11/9/1981
67536,Air broker,Randall-Morris,4/10/1909
67537,"Conservator, furniture",Moore Ltd,13/3/2019
67538,Paramedic,Bridges LLC,1/5/1989
67539,Insurance claims handler,"Guzman, Hartman and Williams",6/8/1959
